{
  "authLogin" : {
    "transaction" : "authLogin",
    "sampleCount" : 100,
    "errorCount" : 0,
    "errorPct" : 0.0,
    "meanResTime" : 294.6499999999999,
    "medianResTime" : 284.0,
    "minResTime" : 264.0,
    "maxResTime" : 392.0,
    "pct1ResTime" : 323.9,
    "pct2ResTime" : 326.84999999999997,
    "pct3ResTime" : 391.76999999999987,
    "throughput" : 9.784735812133071,
    "receivedKBytesPerSec" : 31.113548801369863,
    "sentKBytesPerSec" : 14.352219911937377
  },
  "Total" : {
    "transaction" : "Total",
    "sampleCount" : 100,
    "errorCount" : 0,
    "errorPct" : 0.0,
    "meanResTime" : 294.6499999999999,
    "medianResTime" : 284.0,
    "minResTime" : 264.0,
    "maxResTime" : 392.0,
    "pct1ResTime" : 323.9,
    "pct2ResTime" : 326.84999999999997,
    "pct3ResTime" : 391.76999999999987,
    "throughput" : 9.784735812133071,
    "receivedKBytesPerSec" : 31.113548801369863,
    "sentKBytesPerSec" : 14.352219911937377
  }
}